Inidia,Andhra Pradesh
Inidia,Arunachal Pradesh
Inidia,Assam 
Inidia,Bihar
Inidia,Chandigarh
Inidia,Chhatisgarh
Inidia,Dadra and Nagar Haveli
Inidia,Daman And Diu
Inidia,National Capital Terriotary of Delhi
Inidia,Goa
Inidia,Gujrat
Inidia,Himachal Pradesh
Inidia,Jammu and Kashmir
Inidia,Jharkhand
Inidia,Karnatka
Inidia,kerala
Inidia,Lakshadweep
Inidia,Madhya Pradesh
Inidia,Maharashtra
Inidia,Manipur
Inidia,Meghalay
Inidia,Mizoram
Inidia,Nagaland
Inidia,Odisha
Inidia,Ponducherry
Inidia,Punjab
Inidia,Rajashthan
Inidia,Sikkim
Inidia,Tamil Nadu
Inidia,Telangana
Inidia,Tripura
Inidia,Uttar Pradesh
Inidia,Uttrakhand
Inidia,West Bengal
